Date,Open,High,Low,Close,Adj Close,Volume
01-07-02,910,935,880,927.299988,840.357666,3286
08-07-02,930,934,885,896.5,812.445374,4633
15-07-02,900,925,867,907.450012,822.368896,4097
22-07-02,898,901,852,881.700012,799.033142,2906
29-07-02,884,928,852,889.400024,806.011108,6617
05-08-02,850,970,850,907.200012,822.142395,9316
12-08-02,909,929.75,849.900024,908,825.617554,1651
19-08-02,905,925,889,902.5,820.616638,2586
26-08-02,915,920,888,901.599976,819.798157,3384
02-09-02,907,914,851,901.400024,819.616394,1089
09-09-02,840,917,840,906.049988,823.844482,1441
16-09-02,895,917,895,915.5,832.437195,2332
23-09-02,906,928,902,922.950012,839.211121,3717
30-09-02,920,920,866.099976,871.5,792.429138,1099
07-10-02,875,888.700012,836,838,761.968811,1045
14-10-02,825,856.950012,779.450012,841.400024,765.060303,824
21-10-02,850,861,835,854.849976,777.289734,1234
28-10-02,850.099976,852,811,837.5,761.513916,918
04-11-02,878.900024,878.900024,805,843.650024,767.10614,572
11-11-02,846.950012,852.950012,830,843,766.514832,456
18-11-02,879.950012,879.950012,833.25,847.099976,773.005371,696
25-11-02,850,874,841,853,778.389526,1475
02-12-02,848.099976,878,840,872.25,795.955811,2728
09-12-02,860,875,835,862.700012,787.241089,2926
16-12-02,865,941,862,924.900024,844.000488,5659
23-12-02,940,949,880,895,816.715698,3862
30-12-02,900,914.849976,891,895.849976,817.491333,1703
06-01-03,909.75,909.799988,875,881.599976,804.487976,949
13-01-03,880.200012,888.700012,875,875,798.465088,729
20-01-03,877,909,860,888.599976,810.875488,5316
27-01-03,888,904,850,890.700012,812.791809,2306
03-02-03,889,910,883.049988,886,808.502991,2148
10-02-03,870.299988,894.650024,865,884.400024,807.042786,750
17-02-03,880,890,862,873.299988,796.913635,1842
24-02-03,882,900,863,892.5,814.43457,3421
03-03-03,898.799988,922.799988,886,911.599976,831.863708,5468
10-03-03,919,938.599976,870,870.049988,806.331543,2472
17-03-03,863,910,854.549988,901.349976,835.339172,829
24-03-03,905,920,863,872.299988,808.416748,2244
31-03-03,860,900,856.099976,890.099976,824.913208,1778
07-04-03,898,915,880,902.150024,836.080383,2956
14-04-03,908.900024,1089.949951,892,1005.849976,932.186096,11753
21-04-03,1005,1053.349976,929.049988,1010,936.032104,9912
28-04-03,1000,1116,979.099976,1106.75,1025.696655,8019
05-05-03,1020,1152.800049,1020,1120.650024,1038.578735,9981
12-05-03,1110,1240,1110,1190.599976,1103.405396,9312
19-05-03,1197,1275,1180,1263.550049,1171.01355,13156
26-05-03,1250,1348,1242,1299.5,1204.330688,14019
02-06-03,1300,1325,1150,1169.449951,1083.804565,11093
09-06-03,1190,1219.800049,1151,1174.949951,1088.901489,13386
16-06-03,1160,1234,1154,1195.75,1108.178589,12687
23-06-03,1217.949951,1319,1180.099976,1230.300049,1140.19873,11970
30-06-03,1237,1475,1221.099976,1404.349976,1301.501709,23617
07-07-03,1454,1489,1375,1405.099976,1302.196899,20232
14-07-03,1419,1459,1390,1403.800049,1300.991821,12659
21-07-03,1391,1440,1365,1428.949951,1324.300049,9779
28-07-03,1449,1515,1300,1346.550049,1247.934692,29622
04-08-03,1360,1530,1340,1455.449951,1348.859253,19410
11-08-03,1400,1580,1400,1512.300049,1404.468384,21063
18-08-03,1505,1539.949951,1460,1495,1388.401611,12273
25-08-03,1500,1520,1351,1431.800049,1329.708374,9671
01-09-03,1401.050049,1475,1401,1456.300049,1352.46106,9445
08-09-03,1500,1625,1498,1550.300049,1439.759033,18024
15-09-03,1526,1559,1422,1427.400024,1325.622314,8182
22-09-03,1479.849976,1497,1375,1472.800049,1367.7854,3839
29-09-03,1470,1645,1450,1601.199951,1487.029175,11567
06-10-03,1617.949951,1830,1617.949951,1785.800049,1658.466919,16810
13-10-03,1675,1900,1630,1695.300049,1574.419922,15306
20-10-03,1770,1770,1542,1623.849976,1508.064575,5321
27-10-03,1650,1710,1561,1700.550049,1579.29541,6337
03-11-03,1710,1798.949951,1641,1656.550049,1538.433228,12875
10-11-03,1700,1948.949951,1700,1726.900024,1603.76709,20252
17-11-03,1775,1850,1701,1794.900024,1666.918335,16039
24-11-03,1791,1940,1775,1851.449951,1719.435669,9423
01-12-03,1880,1895,1752,1791.949951,1664.178345,9835
08-12-03,1751.050049,2237,1751.050049,2179.850098,2024.419189,35487
15-12-03,2200,2550,2175,2313.350098,2148.400879,46623
22-12-03,2280,2448,2201,2412.850098,2240.806641,22642
29-12-03,2420,2490,2285.050049,2410.949951,2239.041992,18772
05-01-04,2419,2430,2230,2300.800049,2136.746582,15306
12-01-04,2275.25,2327,2181,2196.5,2039.882935,9208
19-01-04,2201,2201,1801,1936.199951,1798.1427,12192
26-01-04,1936.199951,2060,1830,1851.550049,1719.528564,8196
02-02-04,1851.550049,1851.550049,1756,1840,1708.802368,9044
09-02-04,1831,2210.949951,1826,2153.100098,1999.577637,15267
16-02-04,2200,2200,1966,1977.400024,1836.405273,8950
23-02-04,2010,2019.800049,1810.099976,1877.400024,1743.535645,7809
01-03-04,1890,1989.949951,1880.25,1940.650024,1816.15332,5050
08-03-04,1921.099976,1944.900024,1807,1828.849976,1711.525513,3644
15-03-04,1840,1859.949951,1575,1605.300049,1502.316895,5564
22-03-04,1634,1634,1382,1434.150024,1342.146362,12136
29-03-04,1450,1620,1450,1613.25,1509.757324,6641
05-04-04,1664,1738.949951,1650,1693.5,1584.858521,9557
12-04-04,1720,1750,1674,1676.050049,1568.528076,7417
19-04-04,1681.050049,1725,1605,1709.599976,1599.925171,3872
26-04-04,1715,1720,1550,1556.949951,1457.068359,6065
03-05-04,1588,1670,1555,1655.050049,1548.875488,26935
10-05-04,1635,1650,1450,1541.449951,1442.562988,23879
17-05-04,1525,1537,1380,1417.199951,1326.283813,4995
24-05-04,1450,1475,1351.099976,1369.349976,1281.50354,5609
31-05-04,1306,1384,1290,1349.650024,1263.066772,4171
07-06-04,1350,1500,1342.099976,1464.550049,1370.596313,13914
14-06-04,1460,1474,1390,1464.150024,1370.222168,4385
21-06-04,1450,1451.900024,1310,1351.849976,1265.126709,2791
28-06-04,1361.25,1412,1331,1387.800049,1298.769531,2969
05-07-04,1385,1440,1323.050049,1401.650024,1311.731445,29023
12-07-04,1398,1411.5,1350,1393.099976,1303.730103,4063
19-07-04,1390,1425,1375,1403.099976,1313.087769,3216
26-07-04,1410,1450,1380,1397.699951,1308.035156,3369
02-08-04,1410,1575,1370,1548.5,1449.160522,7744
09-08-04,1525.050049,2044,1503,1871.099976,1754.809814,51432
16-08-04,1857,2100,1845,1953,1831.619263,42301
23-08-04,1942,2035,1881,1954.099976,1832.651245,17110
30-08-04,1972.099976,2000,1927.400024,1954.099976,1832.651245,11212
06-09-04,1974,2044.699951,1950,1996.75,1872.650391,14909
13-09-04,2009,2255,1995,2203.850098,2066.878662,37665
20-09-04,2229.899902,2245,2100,2119.100098,1987.396362,14221
27-09-04,2149.899902,2150,2025,2037.699951,1911.055298,10495
04-10-04,2124,2248.899902,2010,2093.800049,1963.668579,29916
11-10-04,2080,2174,2002,2061,1932.90686,14390
18-10-04,2150,2160,2005,2037.199951,1910.586548,6914
25-10-04,2049,2089,1980,2019.650024,1894.126587,6040
01-11-04,2024.900024,2039.699951,1986,1998.449951,1874.244751,7740
08-11-04,2000,2019,1960,1988.099976,1867.311523,10323
15-11-04,1988.099976,2150,1988.099976,2051.550049,1926.90625,13581
22-11-04,2045,2095,2022,2040.25,1916.293457,8323
29-11-04,2040,2330,2031,2273.399902,2135.277832,42961
06-12-04,2325,2440,2272.550049,2287.949951,2148.944092,26437
13-12-04,2288,2822,2288,2609.300049,2450.769531,41822
20-12-04,2650,2764.149902,2562.199951,2562.199951,2406.531494,33845
27-12-04,2525,2575,2401.649902,2421.449951,2274.33374,26580
03-01-05,2450,2599,2422.550049,2498.949951,2347.125,25424
10-01-05,2549,2660,2440,2452.649902,2303.637451,20411
17-01-05,2490,2499,2365,2398.199951,2252.49585,9021
24-01-05,2366.5,2405,2295,2389.800049,2244.606445,9339
31-01-05,2380,2643.899902,2380,2514.699951,2361.916992,16021
07-02-05,2570,2800,2532,2719.550049,2554.322266,42406
14-02-05,2770,2819.949951,2574,2685.350098,2522.199463,30438
21-02-05,2670,2750,2625,2696.050049,2532.248779,18051
28-02-05,2685,3150,2621.050049,3072.600098,2885.922119,84855
07-03-05,3150,3185,2901.100098,2986.600098,2818.97876,38550
14-03-05,3050,3125,2875.199951,2945.399902,2780.091064,27066
21-03-05,3025,3025,2905,2927.350098,2763.054199,18639
28-03-05,2997.550049,2997.550049,2753.5,2912.75,2749.273438,18716
04-04-05,2924,2949.800049,2745,2759.800049,2604.907471,16753
11-04-05,2760,2801,2691.050049,2704,2552.239014,7654
18-04-05,2704,2751,2645,2710.199951,2558.091309,8062
25-04-05,2785,2798.5,2602,2649.949951,2501.223877,4545
02-05-05,2600,2630,2470,2506.899902,2366.201172,7288
09-05-05,2538.800049,2755,2511,2546.5,2403.577881,6053
16-05-05,2559,2598.850098,2500,2512.649902,2371.628662,7673
23-05-05,2530,2569,2476,2522.699951,2381.114258,4918
30-05-05,2461,2550,2461,2491.100098,2351.288818,4453
06-06-05,2519.899902,2553.949951,2499.850098,2509.5,2368.655273,4037
13-06-05,2515,2537.800049,2444,2455.899902,2318.063232,5552
20-06-05,2425,2569.899902,2420,2517.949951,2376.631592,6284
27-06-05,2520.050049,2599.899902,2422,2451.5,2313.910156,5226
04-07-05,2434,2560,2400,2442.5,2305.416016,5640
11-07-05,2445.050049,2469,2351.100098,2392.350098,2258.081543,5843
18-07-05,2400,2455,2350.100098,2396.350098,2261.855957,5141
25-07-05,2479,2479,2330,2336.5,2205.365723,3398
01-08-05,2340,2380,2270,2300.449951,2171.338623,11502
08-08-05,2321,2808,2270.050049,2603.600098,2460.633789,39451
15-08-05,2603.600098,2851,2603.600098,2819.050049,2664.253174,24491
22-08-05,2901,3249,2899,3185.050049,3010.156494,99700
29-08-05,3200,3200,2965,2979.449951,2815.845703,17062
05-09-05,3045,3150,2960,3063.899902,2895.658203,15105
12-09-05,3060,3500,3010,3368.949951,3183.958252,33728
19-09-05,3445,3445,2916.399902,2989.050049,2824.918457,18940
26-09-05,3025,3250,3025,3139.550049,2967.153809,15078
03-10-05,3197,3370,3150,3234.25,3056.653564,9823
10-10-05,3200,3275,3006,3109.600098,2938.848633,5235
17-10-05,3180,3198,2720,2772.850098,2620.59082,16356
24-10-05,2810,2948,2701,2726.399902,2576.690918,8494
31-10-05,2775,2828.899902,2715,2788.600098,2635.474609,3477
07-11-05,2810,3000,2795,2816.600098,2664.870117,17094
14-11-05,2865,2934,2780,2877,2722.016846,7766
21-11-05,2801,2960,2801,2876.800049,2721.827393,4900
28-11-05,2890,2935,2830,2860.600098,2706.500732,5794
05-12-05,2915,2915,2805,2898.949951,2742.783936,5462
12-12-05,2939.899902,2939.899902,2800,2829.199951,2676.790771,5754
19-12-05,2890,2988,2800,2849.050049,2695.571777,28480
26-12-05,2776,2850,2717,2748.449951,2600.391357,10804
02-01-06,2705,2800,2701,2740.75,2593.106201,8354
09-01-06,2752,2780,2674,2690.199951,2545.279297,6700
16-01-06,2691,2793.949951,2660,2742.300049,2594.571533,8255
23-01-06,2759,2889,2705,2860.699951,2706.594238,11246
30-01-06,2865,2865,2725,2800.600098,2649.731934,7547
06-02-06,2802.100098,3398,2800.050049,3279.949951,3103.259766,48409
13-02-06,3340,3340,3081,3117.449951,2949.513672,18331
20-02-06,3131,3300,2945,3021.350098,2858.591064,11556
27-02-06,3060,3259.899902,2925,3160.399902,2990.149414,26471
06-03-06,3170,3220,3100,3116.399902,2948.520264,13407
13-03-06,3240,3265,3110,3193.5,3035.003174,9034
20-03-06,3359,3359,3026.149902,3187.850098,3029.634277,11864
27-03-06,3175.050049,3252,2930,3101.800049,2947.854248,19528
03-04-06,3110.050049,3895.5,3110.050049,3874.899902,3682.583984,52842
10-04-06,3940,4068.649902,3674.949951,3704.850098,3520.975586,35012
17-04-06,3765,3970,3710,3809,3619.955078,16294
24-04-06,3885,3999.449951,3301,3485.899902,3312.891846,24553
01-05-06,3500,3660,3500,3552.649902,3376.328613,8729
08-05-06,3600,3620,3380,3393.449951,3225.029541,9673
15-05-06,3549.949951,3550,3080,3127.100098,2971.89917,8463
22-05-06,3130,3130,2751,2947.949951,2801.639648,4676
29-05-06,2962,3069,2636.25,2744.699951,2608.478027,5216
05-06-06,2705.199951,2770,2282.800049,2441.399902,2320.230469,4859
12-06-06,2450,2451.199951,2100,2251.050049,2139.327148,5383
19-06-06,2300,2540,2204.199951,2479.300049,2356.250244,5039
26-06-06,2549,2565,2350,2411.949951,2292.242188,4299
03-07-06,2500,2505,2400,2463.550049,2341.282227,5095
10-07-06,2460,2560,2450,2517.949951,2392.980957,3481
17-07-06,2510,2648,2455.100098,2615.899902,2486.070313,9837
24-07-06,2551,2949.800049,2550,2831.399902,2690.874023,4730
31-07-06,2880,3344.699951,2808,3250.25,3088.936035,16603
07-08-06,3500,3748,3180,3444.25,3276.650879,36130
14-08-06,3490,3770,3450,3550.649902,3377.873779,16154
21-08-06,3405,3700,3405,3640.399902,3463.256348,18122
28-08-06,3600,3843.850098,3581,3797.25,3612.474121,19906
04-09-06,3800,4040,3762.800049,3967.25,3774.200684,20531
11-09-06,3915,4019.949951,3768.899902,3857.5,3669.791748,15340
18-09-06,3920,3937,3726,3800.449951,3615.518555,9842
25-09-06,3835,3925,3750,3873.550049,3685.061768,10471
02-10-06,3873.550049,4257.100098,3840,4257.100098,4049.947021,25962
09-10-06,4301,4800,4150,4567.700195,4345.434082,66739
16-10-06,4690,4700,4260,4436.450195,4220.570801,21380
23-10-06,4620,4620,4260,4284.200195,4075.729736,9667
30-10-06,4310,4409,4171,4212.799805,4007.802979,18418
06-11-06,4180.100098,4450,4055.199951,4110.950195,3910.908691,14774
13-11-06,4070,4780,4070,4301.200195,4091.9021,26654
20-11-06,4242,4575,4115.549805,4286,4080.148193,25103
27-11-06,4350,4720,4291.350098,4539.850098,4321.805664,36465
04-12-06,4594,4599.5,4300,4313.299805,4106.135742,12948
11-12-06,4415,4425,3900,4249.549805,4045.447998,18372
18-12-06,4380,4496,4230,4304.25,4097.521973,18128
25-12-06,4304.25,4380,4250,4293.200195,4087.00293,5225
01-01-07,4293.200195,4388,4230,4284.899902,4079.099365,3424
08-01-07,4206.100098,4343,4201.200195,4233.799805,4030.452881,2945
15-01-07,4265,4349,4205,4215.600098,4013.128906,12865
22-01-07,4211,4410,4150,4193.799805,3992.375732,12052
29-01-07,4250,4251,4062.100098,4100.75,3903.794678,8605
05-02-07,4100,4110,4000,4008.550049,3816.023682,5137
12-02-07,4010.25,4120,3850,3930.149902,3741.388916,4115
19-02-07,4000,4010,3720,3737.800049,3558.277588,3801
26-02-07,3752,3838,3531,3683.699951,3506.775146,4496
05-03-07,3650,3673,3250,3282.5,3124.845459,6283
12-03-07,3398,3398,3275,3372.399902,3223.884033,3817
19-03-07,3479,3605,3270.300049,3424.800049,3273.977051,6055
26-03-07,3530,3530,3270,3347.100098,3199.698486,3468
02-04-07,3335,3339.850098,3216,3231.800049,3089.476563,1927
09-04-07,3280,3297,3220,3252.100098,3108.881836,3047
16-04-07,3300,3849,3250.050049,3643.050049,3482.614746,22930
23-04-07,3699,3780,3526,3664.350098,3502.977295,10395
30-04-07,3505.100098,3817,3505.100098,3766,3600.151367,3090
07-05-07,3799,3865,3750,3806.800049,3639.154053,3429
14-05-07,3820,3934,3806.5,3880.649902,3709.750732,2949
21-05-07,3771,3925,3771,3807.100098,3639.440918,2677
28-05-07,3810,4250,3800,4224,4037.981445,12554
04-06-07,4249,4274.5,3850,3890.550049,3719.215332,3928
11-06-07,4220,4220,3805.050049,3948.949951,3775.043701,3798
18-06-07,3920,3965,3801.149902,3849.699951,3680.164063,3985
25-06-07,3830,4149,3753,4037.199951,3859.407227,4337
02-07-07,4200,4200,3970,4082.100098,3902.329834,4024
09-07-07,4050.550049,4250.049805,3916,4123.850098,3942.241211,5493
16-07-07,4123.850098,4350,4100,4155.25,3972.257324,7613
23-07-07,4199.899902,4370,3915,4102.75,3922.070068,17798
30-07-07,4170,4179.950195,3927,3935.25,3761.946777,5287
06-08-07,4008.800049,4008.800049,3611,3796.350098,3629.164795,3959
13-08-07,3888,4048,3808,3903.75,3734.765869,5892
20-08-07,3882,3969,3748.5,3791.800049,3627.662598,2436
27-08-07,3830,3870,3756,3838.699951,3672.532959,2583
03-09-07,3975,4003,3760,3824.75,3659.186279,3789
10-09-07,3840,3870,3800,3813.899902,3648.805664,9112
17-09-07,3830,3850,3755,3796.800049,3632.445801,14387
24-09-07,3800,3810,3715.100098,3759.949951,3597.191895,3986
01-10-07,3800,3805,3685,3707.149902,3546.676025,5324
08-10-07,3750,4421.5,3640,4062.850098,3886.97998,38127
15-10-07,4240,5170,3910.550049,4660.25,4458.518555,44846
22-10-07,4600,5700,4550,5621.299805,5377.966309,69100
29-10-07,5774,8968,5774,7878.399902,7537.362793,206443
05-11-07,7998,8199.950195,6001,7777,7440.354004,98039
12-11-07,7600,8000,7200,7255.850098,6944.735352,61222
19-11-07,7460,7750,6335.200195,6676,6389.74707,31739
26-11-07,7000,7744.399902,6635.049805,7062.399902,6759.581055,39356
03-12-07,7249.950195,7650,7090,7243.850098,6933.248535,27916
10-12-07,7484,8300,7171.399902,7533.649902,7210.623535,83024
17-12-07,7750,7750,6901,6953.75,6655.588867,22990
24-12-07,7248,7410,6966,7068.649902,6765.5625,17921
31-12-07,7101,7400,7000,7039.25,6737.422363,21874
07-01-08,7040,7150,6260,6352.25,6079.878418,17121
14-01-08,6480,6535,6100,6145.149902,5881.660645,10654
21-01-08,6051,6051,4129,5052.149902,4835.524414,22295
28-01-08,4850,5249,4701,4792.899902,4587.39209,14889
04-02-08,4999.899902,5150,4605,4687.200195,4486.224121,10921
11-02-08,4700,4700,4150,4566.899902,4371.083008,13669
18-02-08,4800,4989.899902,4055,4591.200195,4394.338867,5683
25-02-08,4649.950195,4749,4452,4598.75,4401.563965,3930
03-03-08,4582.899902,4589,4160,4254.200195,4071.789307,6528
10-03-08,4080,4590,3960,4066.100098,3904.163086,9670
17-03-08,3958,4046,3500,3751.800049,3602.380859,6029
24-03-08,3750,4200,3502.199951,4078.399902,3915.973633,11123
31-03-08,4001,4150,3835,3900.75,3745.398438,7253
07-04-08,3901,4125,3880,4007.850098,3848.233154,4844
14-04-08,4007.850098,4322,3977,4248.350098,4079.155762,4585
21-04-08,4250,4689,4230,4607.600098,4424.097656,17218
28-04-08,4664,4779.799805,4500,4593.25,4410.319824,11025
05-05-08,4670,4771,4300,4334.649902,4162.01709,9573
12-05-08,4261.5,4349,4050.050049,4216.25,4048.332275,7154
19-05-08,4216.25,4420,4173,4189.399902,4022.553223,5457
26-05-08,4105.600098,4210,3910.050049,4067.300049,3905.315674,6011
02-06-08,4098,4138.950195,3900,3928.949951,3772.476074,5952
09-06-08,3900,3998,3750,3917.5,3761.481689,10450
16-06-08,3902,4499.950195,3751,3778.600098,3628.113525,9455
23-06-08,3745,3748,3425,3471.699951,3333.436035,6498
30-06-08,3420.199951,3490,3050,3151.600098,3026.084229,7041
07-07-08,3200,3388,3140,3306.399902,3174.719238,5101
14-07-08,3295,3300,3100,3199.800049,3072.364746,4268
21-07-08,3200,3775,3150,3396.899902,3261.615723,12518
28-07-08,3392,3496.949951,3305,3345.100098,3211.878174,4773
04-08-08,3398.5,3471,3315,3393,3257.87085,8870
11-08-08,3400,3670,3355,3590.199951,3450.27124,26194
18-08-08,3619,3722,3463,3538.550049,3400.634521,18335
25-08-08,3600,3609.949951,3424.550049,3559.550049,3420.815918,9499
01-09-08,3590,3625,3465,3518.949951,3381.798096,4587
08-09-08,3590,3600,3401,3440.649902,3306.549316,4311
15-09-08,3381.100098,3395,3061,3224.600098,3098.920166,6454
22-09-08,3241,3350,3020,3041,2922.476807,7711
29-09-08,3100,3175,2800,2864.100098,2752.470947,12491
06-10-08,2840,2840,2312.25,2360.350098,2268.355225,10299
13-10-08,2400,2670,2315.399902,2394.899902,2301.558105,7974
20-10-08,2450,2450,2030,2078.350098,1997.345947,7683
27-10-08,2050,2110.050049,1800,2020.199951,1941.462158,26953
03-11-08,2118.949951,2249,1978,2026.650024,1947.660767,12156
10-11-08,2052,2080,1900,1912.699951,1840.78064,6614
17-11-08,1899,1915,1651.099976,1707.400024,1643.200195,9262
24-11-08,1673.199951,1740,1600,1692.550049,1628.908936,3054
01-12-08,1676,1794.949951,1651,1735.599976,1670.3396,3851
08-12-08,1788,2047,1750,1982.400024,1907.860107,6285
15-12-08,2044.949951,2150,1955,2001.75,1926.482422,11714
22-12-08,2018.75,2050,1855,1873.599976,1803.151245,4815
29-12-08,1860.050049,2110,1850,2042,1965.219238,5825
05-01-09,2094.949951,2100,1813.5,1830.900024,1762.056152,5636
12-01-09,1830.900024,1879,1726,1793.099976,1725.677856,5245
19-01-09,1785,1839,1565,1653.150024,1590.990112,11312
26-01-09,1653.150024,1699.900024,1605.25,1688,1624.529541,4054
02-02-09,1660,1689,1601.199951,1653.25,1591.086182,3859
09-02-09,1670,1750,1611,1713.449951,1649.022827,5030
16-02-09,1747.900024,1747.900024,1620,1632.900024,1571.501465,3933
23-02-09,1632.900024,1653,1600,1647.400024,1585.456055,2400
02-03-09,1651,1655,1470,1535.800049,1478.05249,4562
09-03-09,1550,1550,1500,1536.449951,1492.228149,2390
16-03-09,1561.949951,1695,1533,1603.849976,1557.688721,4264
23-03-09,1620,1738.5,1607.5,1685,1636.502686,6840
30-03-09,1695,1950,1650,1926,1870.566406,7440
06-04-09,1930.050049,2092,1900,2052,1992.939575,7233
13-04-09,2097.949951,2350,1990,2057.5,1998.281982,32931
20-04-09,2134.75,2360,2030,2252.050049,2187.232422,19780
27-04-09,2256,2315,2152.600098,2210,2146.391846,8306
04-05-09,2216.199951,2379.800049,2210,2326.25,2259.296875,15082
11-05-09,2306,2425,2205.25,2357.050049,2289.209473,9645
18-05-09,2589.949951,2850,2360,2738.350098,2659.536133,16827
25-05-09,2850,3500,2850,3161.899902,3070.895508,54050
01-06-09,3240,3499,3140,3381.199951,3283.883789,28807
08-06-09,3550,3675,3380,3408.350098,3310.252686,30304
15-06-09,3441.149902,3900,3250,3386.050049,3288.593018,60426
22-06-09,3395,3699.899902,3205,3364.149902,3267.323975,16233
29-06-09,3351,4374,3309.5,3601.050049,3497.405762,60837
06-07-09,3640,3669,3209.699951,3275.350098,3181.080078,19055
13-07-09,3200,3490,3100.050049,3395.800049,3298.063232,20033
20-07-09,3444,3857,3323.5,3819.800049,3709.860596,38026
27-07-09,3850,4958,3700.050049,4640.799805,4507.228516,163081
03-08-09,4450,4895,4412,4455.950195,4327.700195,37548
10-08-09,4500,4649.399902,4126,4256.049805,4136.230957,23412
17-08-09,4250,4450,4165.100098,4286.200195,4165.531738,24488
24-08-09,4350,4460.600098,4230,4265.75,4145.659668,18456
31-08-09,4220.049805,4480,4130,4380.950195,4257.614746,37012
07-09-09,4450,5415,4282,5279.049805,5130.432129,152401
14-09-09,5256,5525,5125,5202.75,5056.278809,53932
21-09-09,5210,5820,4901,5525,5369.458496,99656
28-09-09,5498,5918,5498,5637.350098,5478.644531,68628
05-10-09,5600,5793.299805,5400,5476.75,5322.565918,57960
12-10-09,5539,6270,5514.049805,6020.649902,5851.152344,141508
19-10-09,6010.049805,6370,5711,5856.75,5691.868164,82148
26-10-09,5919,5935,5205.350098,5289.850098,5140.929199,45293
02-11-09,5217.049805,6100,5122.100098,5983.850098,5815.390625,106958
09-11-09,6114.399902,6219,5851,6134.399902,5964.907715,91300
16-11-09,6199,6200,5834.100098,5915.950195,5752.493164,42756
23-11-09,5934.399902,6336,5760,5878.850098,5716.419434,113533
30-11-09,5959,6169,5925.100098,6029.350098,5862.758789,42087
07-12-09,6074.799805,6074.799805,5805,5862.049805,5700.082031,35658
14-12-09,5874.399902,6720,5810.200195,6626.700195,6443.604492,210117
21-12-09,6701,6890,5970.049805,6101.049805,5932.479004,327833
28-12-09,6101.049805,6200,6001,6032.200195,5865.530762,49253
04-01-10,6081,6371,6032,6166.850098,5996.459961,100778
11-01-10,6199,6549.5,6048,6406.100098,6229.101074,112508
18-01-10,6449.399902,6498.950195,6010,6050.149902,5882.98584,49927
25-01-10,6089.75,6295,5555,5802.950195,5642.615234,54023
01-02-10,5794.399902,6225,5650.5,5720.25,5562.200684,53393
08-02-10,5758,6080,5701,5876.850098,5714.472656,35890
15-02-10,5965,5966.950195,5710.100098,5744.299805,5585.585938,21788
22-02-10,5799,5839,5580,5659.600098,5503.226563,25409
01-03-10,5659.600098,6350,5659.600098,6121.200195,5972.282227,77149
08-03-10,5297,6435,5297,6358.799805,6204.101563,79729
15-03-10,6394.399902,7244.850098,6230,7041.600098,6870.291016,298761
22-03-10,6950,7318,6910,6964.649902,6795.213867,130163
29-03-10,7015,7050,6760,6899.5,6731.645996,42615
05-04-10,6959.399902,7273.299805,6870,7086.5,6914.09668,121247
12-04-10,7134.899902,7360,6985,7028.399902,6857.411621,58799
19-04-10,6990,7179,6892,7022.850098,6851.996094,52125
26-04-10,7089.399902,7274,7030,7086.75,6914.341797,95903
03-05-10,7049.399902,7123,6723,6762.399902,6597.881836,38128
10-05-10,6800.049805,7575,6790,7436.950195,7256.021973,72868
17-05-10,7394.299805,7612,7160,7206.950195,7031.617188,67671
24-05-10,7242,7474,7220,7378.450195,7198.943848,29431
31-05-10,7450,7470,7190,7280.899902,7103.769531,18502
07-06-10,7100,7424,7100,7263.25,7086.547363,47518
14-06-10,7349,7940,7285,7419.799805,7239.289063,79083
21-06-10,7499,7990,7393.299805,7710.25,7522.673828,105575
28-06-10,7720,7968,7601,7867,7675.609863,64595
05-07-10,7820,8040,7750,7793.5,7603.898438,54454
12-07-10,7835,7949,7700,7733.299805,7545.160645,29048
19-07-10,7760,7860,7670.049805,7710.100098,7522.526855,22052
26-07-10,7767,7798,7300,7329.549805,7151.234375,37882
02-08-10,7313.350098,7769,7285,7427.549805,7246.851563,36934
09-08-10,7464.399902,7600,7301.100098,7353.100098,7177.078125,21250
16-08-10,7396,7840,7300,7733.700195,7548.567383,63718
23-08-10,7775,8300,7605,7682.850098,7498.93457,123579
30-08-10,7750,8865,7535,8661.25,8453.913086,164496
06-09-10,8670,9420,8670,9172.5,8952.924805,220414
13-09-10,9250,9439.799805,8936,8971.900391,8757.125977,68302
20-09-10,9047,9140,8670,8958.299805,8743.853516,59096
27-09-10,8985,9120,8690,9070.400391,8853.267578,61514
04-10-10,9110.099609,9164,8750,8786.700195,8576.361328,31490
11-10-10,8825,9739,8752,9304.650391,9081.914063,203958
18-10-10,9305,9600.25,9161,9189.549805,8969.56543,48746
25-10-10,9319,9824,9130.099609,9304.549805,9081.81543,111155
01-11-10,9399.900391,9754,9230,9546.599609,9318.067383,74822
08-11-10,9600,9600,8901.049805,8952.950195,8741.439453,55568
15-11-10,8980,9057.950195,8313,8382.5,8184.465332,41757
22-11-10,9344,9344,7700,7819.100098,7634.375488,60382
29-11-10,8000,8255,7626.100098,7964.299805,7776.145996,58322
06-12-10,8045,8215.25,7041.049805,7398.899902,7224.103516,38066
13-12-10,7499,7575,7150,7246,7074.816406,25475
20-12-10,7255,7510.350098,7161,7337.350098,7164.008789,46490
27-12-10,7390,7395,7151.299805,7202.5,7032.34375,40078
03-01-11,7252,7525,7025,7059.649902,6892.868164,58495
10-01-11,7100,7100,6542,6579,6423.573242,51369
17-01-11,6600,6675,6400,6616.950195,6460.626953,27276
24-01-11,6649,6742,6138.899902,6158.700195,6013.203125,32654
31-01-11,5935.200195,6175.100098,5860.049805,5920.600098,5802.540527,44795
07-02-11,6000,6125,5325,6058.049805,5937.248047,63169
14-02-11,6110,6280,5875.100098,5907.850098,5790.044434,48475
21-02-11,5816,5979,5530.200195,5560,5449.129883,28881
28-02-11,5518,6098,5518,5973.899902,5854.776855,41461
07-03-11,5959.850098,6265,5750,6096.950195,5975.374023,52064
14-03-11,6090,6865,6090,6611.350098,6479.513672,142791
21-03-11,6647.950195,6689.950195,6435.100098,6603.649902,6471.968262,37863
28-03-11,6642,6660,6210,6495.100098,6365.583984,51279
04-04-11,6415,6775.049805,6415,6512.75,6382.881836,73732
11-04-11,6501.049805,6600,6475,6517.049805,6387.094727,18728
18-04-11,6530.149902,7504.950195,6530,7449.649902,7301.097656,196471
25-04-11,7480,7480,7100.100098,7123.299805,6981.255859,98509
02-05-11,7125,7185,6832.5,6993,6853.556152,69888
09-05-11,7000,7200,6900,7071,6930,47277
16-05-11,6980,7090,6905,6951.299805,6812.686035,26621
23-05-11,6935,7009.899902,6502.5,6664.5,6531.605957,42199
30-05-11,6708.899902,6944,6611,6754.950195,6620.251465,31310
06-06-11,6787,6975,6601.5,6805,6669.303711,29407
13-06-11,6800,6915,6700,6742.399902,6607.95166,30930
20-06-11,6777.75,6790,6220.049805,6551.549805,6420.908203,80360
27-06-11,6535,6945.350098,6510,6886.850098,6749.52002,71417
04-07-11,6850,7324.899902,6801,7240.049805,7095.678711,82555
11-07-11,7232,7855,7232,7758,7603.299316,115345
18-07-11,7730,7950,7402.25,7545.75,7395.28125,102422
25-07-11,7555,7681,7011,7208.850098,7065.101074,74968
01-08-11,7240.100098,7385,6891.350098,7179.75,7036.580566,68742
08-08-11,7009,7450.049805,6950.100098,7141.200195,6998.800781,69678
15-08-11,7141.200195,7233,6270,6396.700195,6271.765625,38520
22-08-11,6400.049805,6678.600098,6190,6228.799805,6107.143066,48429
29-08-11,6310,6899,6230.100098,6846.299805,6712.583008,41374
05-09-11,6844,7370,6767,7095.899902,6957.30957,55780
12-09-11,7050,7149,6808.799805,7072.75,6934.609863,49031
19-09-11,7000,7150,6580,6662.450195,6532.32373,38593
26-09-11,6709.950195,6787,6500,6617.700195,6488.44873,31855
03-10-11,6597.950195,6700,6410,6563.899902,6435.69873,13488
10-10-11,6595.549805,6885,6552,6749.25,6617.429199,21385
17-10-11,6795,6830,6485,6524.549805,6397.116699,24804
24-10-11,6551.049805,6950,6390,6760.75,6628.704102,19462
31-10-11,6800,6921,6625.5,6728.049805,6596.643555,25808
07-11-11,6728.049805,6864.950195,6686.149902,6744.950195,6616.169922,20328
14-11-11,6770.049805,6856.350098,6325,6383.950195,6262.061035,17090
21-11-11,6372,6769,6330,6729.5,6601.013672,29673
28-11-11,6755,7450,6730.100098,7392.149902,7251.012695,92308
05-12-11,7449.899902,7734.950195,7165.100098,7234.399902,7096.274414,58012
12-12-11,7450,7450,6872,7007.049805,6873.265625,35279
19-12-11,6938.049805,7080,6775,6964.350098,6831.380859,27851
26-12-11,7075,7151,6530,6979.200195,6845.948242,38077
02-01-12,6980,7130,6871.100098,6957.75,6824.904785,38567
09-01-12,7001.049805,7375,6920,7261,7122.368652,65652
16-01-12,7240,7420,7100.399902,7113.649902,6977.829102,37219
23-01-12,7215,7489.950195,7105.049805,7391.899902,7250.768066,22376
30-01-12,7350,8470,7280,8182.049805,8025.82959,91724
06-02-12,8248.900391,9350,8248.900391,9281.25,9127.501953,124155
13-02-12,9250,10014.79981,9250,9772.599609,9610.71582,149772
20-02-12,9772.599609,10155,9222,9430.849609,9274.626953,104012
27-02-12,9450,10175,9216,9924.900391,9760.492188,113385
05-03-12,9800,9928.200195,9460,9818.25,9655.608398,35936
12-03-12,9949,10344.7002,9782.049805,9839.700195,9676.706055,62371
19-03-12,9870,10932,9610.049805,9895.849609,9731.922852,121722
26-03-12,9894.700195,10030,9575,9932.650391,9768.117188,94852
02-04-12,9956.049805,10750,9900,10658.2002,10481.6416,82053
09-04-12,10601,11084,10400,10660.09961,10483.51074,129410
16-04-12,10661,11500,10600,11385.34961,11196.75098,117411
23-04-12,11210.29981,11578.79981,10957.04981,11280.65039,11093.78711,108840
30-04-12,11341.90039,11550,10250,10351.90039,10180.42383,81089
07-05-12,10109.2002,10725,9872.200195,10230.25,10060.78516,82839
14-05-12,10389.2002,10568.79981,9980.75,10360.04981,10188.43262,40298
21-05-12,10385.09961,10874,10185,10834,10654.53418,45376
28-05-12,10973,11150.25,10555.04981,10604.29981,10428.63965,43321
04-06-12,10549.9502,10877,10380,10716.15039,10538.63574,47572
11-06-12,10820,10908.34961,10340,10452.04981,10278.90918,43135
18-06-12,10539.9502,10590,9997.950195,10167.40039,9998.976563,38139
25-06-12,10192.15039,10219.9502,9826.650391,10032.65039,9866.455078,47077
02-07-12,10066.04981,10710,10020,10501.25,10327.29297,58934
09-07-12,10469.9502,10609,10080.04981,10112.15039,9944.641602,30449
16-07-12,10204.7002,10310,10001,10053.75,9887.208984,22107
23-07-12,10039.90039,10325,9580,9664.799805,9504.704102,86979
30-07-12,9672.900391,10439.9502,9521.299805,10358.2002,10186.61426,60297
06-08-12,10490,10940,10263.15039,10653,10476.5332,98897
13-08-12,10684.9502,11015,10549.9502,10829.75,10653.43848,75368
20-08-12,10829.75,11214,10681,10713.4502,10539.0332,65298
27-08-12,10723,10900,9866,10048.65039,9885.053711,65511
03-09-12,10080.5,10399,10000,10206.54981,10040.38574,32843
10-09-12,10277,10675,10110,10230.90039,10064.33887,58973
17-09-12,10323,10500,10101.04981,10162.5,9997.054688,36440
24-09-12,10214.65039,10420.09961,10060.09961,10272.75,10105.50977,47562
01-10-12,10299.9502,10690,10212,10327.5,10159.36426,58953
08-10-12,10300,10482,10200,10225.59961,10059.12402,32324
15-10-12,10250,10450.09961,10094.9502,10161.09961,9995.675781,23404
22-10-12,9710,10378,9710,10135.5,9970.490234,17140
29-10-12,10025,10420,9865,10250,10083.12988,80009
05-11-12,10228.59961,10400,10080.9502,10103,9938.522461,29072
12-11-12,10029.04981,10280.15039,10004.09961,10068.90039,9907.863281,14576
19-11-12,10100.4502,10159,9770.049805,10009.75,9849.658203,24762
26-11-12,10065,10999.40039,9990,10943.7002,10768.66895,91145
03-12-12,10901,11948,10801,11786.5,11597.98828,117055
10-12-12,11861.90039,12480,11810.25,12142.34961,11948.14844,88643
17-12-12,12155.79981,12630,12056.09961,12452.25,12253.09082,58341
24-12-12,12504,12818,12440,12694.75,12491.71094,39393
31-12-12,12745.25,13435,12700,13361.09961,13147.40234,57520
07-01-13,13375,13903.90039,13200,13473.40039,13257.90918,71967
14-01-13,13488,13704.84961,13225,13336.40039,13123.09961,43927
21-01-13,13394.25,13570,12930.25,13286.09961,13073.60449,29387
28-01-13,13372,13419.9502,13008.9502,13220.7002,13009.24805,21577
04-02-13,13228.75,13530,13050,13408.90039,13213.66309,41672
11-02-13,13489.9502,13489.9502,12015,12486.79981,12304.98731,47173
18-02-13,12590.04981,12750,12160,12388.84961,12208.46582,31793
25-02-13,12400,12550.59961,11111.65039,11572.7002,11404.19629,49759
04-03-13,11669,13020,11418,12977.25,12788.29883,50071
11-03-13,13124.25,13124.25,12390,12711.90039,12526.81543,42312
18-03-13,12650,12839.9502,11510,11610.04981,11441.00684,39120
25-03-13,11750.04981,12238,11263,11971.79981,11797.48731,25493
01-04-13,12140,12567.2002,11750,11886.59961,11713.53027,25872
08-04-13,11801,12567.2002,11432.40039,11713.29981,11542.75293,26029
15-04-13,11813,12970,11650,12901.4502,12713.60059,64886
22-04-13,12930,14139.2002,12801,13592.7002,13394.78613,101644
29-04-13,13627,13825.84961,13118,13567.5,13369.95801,52036
06-05-13,13588.34961,15008.7002,13405.04981,14837.5,14621.46289,106352
13-05-13,14899.79981,15329.9502,14575.5,14992.40039,14774.10938,58704
20-05-13,15030,15499,14810,15267.75,15045.44922,54437
27-05-13,15297,15450,14871.09961,14895.09961,14678.2207,40126
03-06-13,14805.40039,15422,14805.40039,14992.34961,14774.05859,38982
10-06-13,15200,15210,14213,14311.90039,14103.5166,38739
17-06-13,14399,14400,12700.04981,12933.15039,12744.84082,48582
24-06-13,13000,13308.04981,12180,12926.15039,12737.94043,63753
01-07-13,12875,13084,12070,12269.9502,12091.29688,52793
08-07-13,12225,12790,12050,12605.2002,12421.66797,33612
15-07-13,12650,14278.79981,12455.59961,13819.59961,13618.38281,93246
22-07-13,13690,14813.9502,13640.09961,13793.40039,13592.56348,168298
29-07-13,13793.40039,13933.2002,12631,12735.25,12549.82227,63206
05-08-13,12795,13134.7002,12311,12984.84961,12795.78613,36515
12-08-13,13220,14332.9502,13002.04981,13409.84961,13217.71094,58825
19-08-13,13400,13817.84961,12716.40039,13202.25,13013.08594,56381
26-08-13,13205,13375.75,12550,12893.9502,12709.2002,39714
02-09-13,12940,13780.04981,12940,12985.84961,12799.78613,72525
09-09-13,12985.84961,13300,12711.04981,12823.79981,12640.05664,51411
16-09-13,13154,13369.65039,12670,12990.59961,12804.46582,43700
23-09-13,12950,13722,12720,13472.54981,13279.51074,67577
30-09-13,13311.04981,14671,13290,14389.04981,14182.88086,93982
07-10-13,14400.09961,15300,14300,15184.34961,14966.78613,85759
14-10-13,15100,15450,15024.25,15265.54981,15046.82422,35006
21-10-13,15201,15950,15100,15472.65039,15250.95801,50956
28-10-13,15305,16144,15300,16020.40039,15790.85742,39139
04-11-13,16020.40039,16840,15852,16404,16168.95703,42527
11-11-13,16211.7002,16770,16211.7002,16523.40039,16289.7002,34752
18-11-13,16730,17210,16525.15039,16851.19922,16612.86328,43345
25-11-13,17040,18025,16960,17348.90039,17103.5293,86934
02-12-13,17487,17885,17118,17830.19922,17578.01758,53467
09-12-13,17898.90039,19874,17555.19922,19124.19922,18853.71289,153512
16-12-13,19100,20225,19100,19831.25,19550.76172,113283
23-12-13,19735,19880,19000.05078,19408.59961,19134.08984,65959
30-12-13,19590,19629.94922,18905.09961,19162.65039,18891.62305,52505
06-01-14,19174,19450,19000,19101.5,18831.33789,39766
13-01-14,19170,20155,18925.5,19522.75,19246.63281,55952
20-01-14,19551,20149,19211.19922,19249.75,18977.49023,42636
27-01-14,19175,19530,18645,19433.94922,19159.07813,30075
03-02-14,19450,20125,18686.40039,18807.80078,18565.31055,87154
10-02-14,18944,19250,18703,18897.59961,18653.94531,33751
17-02-14,18850,19200,18701.80078,18918,18674.08203,25129
24-02-14,18914,19220,18910,19086.75,18840.6582,18608
03-03-14,19010,20625,19000.19922,20412.34961,20149.1582,55505
10-03-14,20400,21100,20150.05078,20943.44922,20673.41406,53612
17-03-14,20943.44922,22450,20760.5,22300.90039,22013.36523,61486
24-03-14,22518.90039,22588.94922,20773.34961,21459.15039,21182.47266,77727
31-03-14,21685,22477.80078,21459.15039,22379.90039,22091.35352,50369
07-04-14,22326.75,22998.90039,21969.94922,22837.34961,22542.90039,34530
14-04-14,22837.34961,23835,22800.05078,23750.05078,23443.83203,38467
21-04-14,23773.90039,25925.05078,20251,20428.5,20165.11328,176090
28-04-14,20399,20999,19816.09961,20714,20446.92773,65664
05-05-14,20677,21498,20604.5,21417.19922,21141.06055,34981
12-05-14,21450,22670,21200,22222.80078,21936.27539,38476
19-05-14,22161,23278.59961,22161,23143.5,22845.10742,28346
26-05-14,23200,23390,22550,22733.30078,22440.19336,31635
02-06-14,22506,24548,22506,24340.19922,24026.375,27787
09-06-14,24150,24635,23200,23279.05078,22978.90625,25707
16-06-14,23250,23888,22448.94922,23180.5,22881.62891,21392
23-06-14,23300,24048,22986.94922,23176.30078,22877.48438,31533
30-06-14,23199.59961,24049,23199.59961,23742.44922,23436.33398,22540
07-07-14,23750,23859.94922,21360.05078,21617.09961,21338.38477,28984
14-07-14,21617.09961,23474.94922,21001,23311.65039,23011.08789,31265
21-07-14,23335.09961,24768.65039,22450,23719.69922,23413.875,92537
28-07-14,23725,23990,22999.94922,23324.15039,23023.42188,21417
04-08-14,23280.09961,23899,23280.09961,23434.34961,23132.20508,22495
11-08-14,23795,23797.94922,23238,23364.94922,23066.60352,13999
18-08-14,23300,24444,23275.05078,24325.15039,24014.55078,20616
25-08-14,24325.15039,24379.94922,23900,24030.94922,23724.10547,11411
01-09-14,24114.44922,27561,24080,27159.69922,26812.9043,78212
08-09-14,27170,31774.90039,27159.69922,31184.90039,30786.70313,205235
15-09-14,31133,32120.05078,30013,31748.5,31343.11133,116278
22-09-14,31599,31950,29848,30745.69922,30353.11523,68351
29-09-14,30800,32900.05078,30708.25,31674.25,31269.8125,64761
06-10-14,31674.25,32397.84961,31499.65039,31675.84961,31271.39258,43744
13-10-14,31540,32000,30113,30323.19922,29936.00781,35438
20-10-14,30933,30960,30135,30747.80078,30355.18945,21676
27-10-14,30949,31774,30610,31315.65039,30915.78906,52811
03-11-14,31450,32720,31320.05078,32336.30078,31923.40234,28309
10-11-14,32299,33390,32050.5,32355.25,31942.10742,56741
17-11-14,32679.80078,33400,31600,31676.05078,31274.49609,37920
24-11-14,31700.09961,33980,31520,33543.69922,33118.45313,100505
01-12-14,33601.10156,39499,33450,38051.89844,37569.5,180652
08-12-14,38150,38640,36418,37747.39844,37268.87109,90732
15-12-14,37400,38314,34565.10156,37871.14844,37391.05078,91465
22-12-14,38005,38196.94922,35786,36442.94922,35980.95703,59276
29-12-14,36719.89844,38650,36501,38192.25,37708.08203,82555
05-01-15,38299,39390,37011,37707.25,37229.23047,89238
12-01-15,37799,39874.05078,37611,39161.75,38665.28906,65045
19-01-15,38925,39980,38420,38728.14844,38237.18359,62790
26-01-15,38728.14844,40307,38728.14844,40036.89844,39529.35156,46104
02-02-15,40000,41150,38500,38837.39844,38345.05469,44835
09-02-15,38849.89844,41782,35520,40585.5,40114.44922,127579
16-02-15,40750,41700,40330,40945.75,40470.51563,43325
23-02-15,40949,41450,39551.19922,41200.75,40722.55469,51547
02-03-15,41305,42474.89844,40787.05078,41634.19922,41150.97266,44190
09-03-15,41500,41924,40100,40241.44922,39774.40234,33626
16-03-15,40300,41178.60156,39697.05078,39891.05078,39428.04688,32771
23-03-15,40000,40196.14844,36908.30078,37661.89844,37224.77734,50611
30-03-15,37965,39660.39844,37850,39557,39097.87109,26137
06-04-15,39986,41450,39516.10156,41326.89844,40847.24219,36239
13-04-15,41499,41990,40700.05078,41014.44922,40538.41406,25866
20-04-15,41390,41390,38201.5,38944.55078,38492.54297,103301
27-04-15,38900,39199.89844,36402.14844,36664.14844,36238.61328,57711
04-05-15,37000,38098.89844,34702,35902.44922,35485.75781,52298
11-05-15,36102,36873.44922,35205.55078,36513.55078,36089.75391,41205
18-05-15,36450,37350,35580.05078,35675.5,35261.42578,44416
25-05-15,35675,36100,35118.35156,35874.30078,35457.91406,32225
01-06-15,36200,36380,33879.94922,34353.39844,33954.67969,34630
08-06-15,34353.39844,34399,31360,31878.05078,31508.06641,47561
15-06-15,31910.09961,33673.39844,31502.05078,33225.35156,32839.71875,37885
22-06-15,33300,34549,32900,33742.64844,33351.01953,43139
29-06-15,33300,35235,32600.94922,34860.80078,34456.18359,44867
06-07-15,34000,35600,33787.44922,35199.85156,34791.30469,35195
13-07-15,35400,36399,34851.30078,36217.69922,35797.33203,38777
20-07-15,36370,39199.94922,36011.25,38531.55078,38084.33203,63689
27-07-15,38700,41179.94922,38001,40839.25,40365.25391,116013
03-08-15,41399.94922,46399,40910,44922.39844,44401.00391,143522
10-08-15,44901,45325.60156,41250,42567.64844,42076.37109,77463
17-08-15,42600,44671.55078,41800,43388.60156,42887.84375,61368
24-08-15,42700,42700,36679.05078,41007.60156,40534.32813,113650
31-08-15,41007.60156,41449,38450,38678.10156,38231.71875,64930
07-09-15,38680,41546.64844,37689.30078,40536.19922,40068.36719,53501
14-09-15,40540.44922,41199,39500,40166.5,39702.92188,38811
21-09-15,40299,41799,39810,41262.19922,40785.99609,51674
28-09-15,41600,42225,40700,41629.85156,41149.39453,26226
05-10-15,41724.89844,43562,41220,41373.80078,40896.29688,48677
12-10-15,41410,42330,40797.89844,41899,41415.44141,31583
19-10-15,42060,42898,41666.10156,42631.10156,42139.08594,20618
26-10-15,42700,42887.69922,39510,39751.39844,39292.61719,88147
02-11-15,39888,40200,38200,38512.35156,38067.875,41965
09-11-15,38000,39339.94922,37734.69922,38377.94922,37935.01953,15913
16-11-15,38416.5,39949,37800,39381.89844,38930.38672,32804
23-11-15,39101,39740,38491.25,39430.75,38978.66797,39556
30-11-15,39333,39800.05078,38600,39630.80078,39176.42578,23105
07-12-15,39602.5,39985,38832,39414.39844,38962.51563,18262
14-12-15,39100,39400,38178.05078,39162.94922,38713.94141,20318
21-12-15,38987,39705.39844,38987,39539.60156,39086.28125,8986
28-12-15,39585,41424.64844,39403.05078,40552.14844,40087.21484,19651
04-01-16,40400,41200.05078,38510.05078,38638.55078,38195.55469,19390
11-01-16,38580,39233.55078,37500,37688.05078,37255.95703,14093
18-01-16,37311,37950,34500.05078,36236.30078,35820.86328,23767
25-01-16,36600,38198.94922,35300,35626.25,35217.79688,52829
01-02-16,35700,36100,33456.10156,34180.35156,33788.48438,32225
08-02-16,34180.35156,34750,31183.19922,31811.84961,31447.12891,36757
15-02-16,32299,33843.05078,32299,33602,33216.75391,23056
22-02-16,33600,34087.44922,31834.30078,32371.5,32000.36328,18707
29-02-16,32597,35199.89844,31800,34226.69922,33834.28125,27008
07-03-16,34226.69922,34798.94922,33949.94922,34499.80078,34104.25781,15717
14-03-16,34600,34799,33351.10156,34716.89844,34318.86719,28939
21-03-16,34799,35543.94922,34450,35340.44922,34935.26953,18935
28-03-16,35350.19922,39000,35230.10156,37255.05078,36827.92578,45869
04-04-16,37700,37700,35313.80078,35468.25,35061.60547,26354
11-04-16,35500.10156,37000,35136.89844,36595.80078,36176.21875,25803
18-04-16,36300,37198,35414.05078,35541.94922,35134.46094,19881
25-04-16,35500,35944,33555.44922,33787.75,33400.37891,39522
02-05-16,33755,34944.35156,33201,33742.05078,33355.19922,57446
09-05-16,33701.19922,33989.94922,32600.05078,32907.05078,32529.76953,34149
16-05-16,33000,33229.94922,31928,32005.80078,31638.85547,23629
23-05-16,32205,33725,31002,33542.19922,33157.62891,38813
30-05-16,33719,33999.89844,33101,33427.64844,33044.40234,19508
06-06-16,33500,33551.5,32085,32197.05078,31827.9082,16722
13-06-16,32000,32300,31251.05078,31332.25,30973.02539,23541
20-06-16,31330,32424,30101,31317.25,30958.19141,27198
27-06-16,31340,33900,31144.19922,33656.64844,33270.77734,49821
04-07-16,33699,35470,33699,35391.10156,34985.34375,39144
11-07-16,35502.69922,35840.05078,34092.5,34221.85156,33829.49219,26596
18-07-16,34350,35425,34052.05078,34153.60156,33762.02344,26353
25-07-16,34425,35084.10156,33628,33844.14844,33456.12891,23338
01-08-16,33960,37490,33650,37068.19922,36643.21484,66083
08-08-16,37340,37540,35999.69922,36129.25,35814.26563,49308
15-08-16,36129.25,36907.5,36000,36110.10156,35795.28125,21366
22-08-16,36299,36863.35156,35299.94922,36339.69922,36022.87891,44911
29-08-16,36400,39000,36400,38852.55078,38513.82422,61835
05-09-16,38852.55078,40549.85156,38852.55078,40201.5,39851.01953,54081
12-09-16,39950,41874.69922,38695.75,40507.80078,40154.64453,70462
19-09-16,40555,46471.75,40520.05078,45841.30078,45441.65234,144716
26-09-16,45799.94922,51515.44922,45458,50872.55078,50429.03516,209033
03-10-16,51810,54650,50906.10156,53471.89844,53005.72266,140669
10-10-16,53550,54087.14844,52201,52449,51991.73828,51430
17-10-16,52549.80078,52600,48751,50438.25,49998.50781,128355
24-10-16,50603,50929,46199.94922,47955.55078,47537.47266,95634
31-10-16,47955.55078,50899,47955.55078,50179.69922,49742.22266,94728
07-11-16,50800,53940,47000,52576.89844,52118.52344,86410
14-11-16,52576.89844,53050,48889.80078,49080.5,48655.48438,63391
21-11-16,49109,49500,46451,47270.5,46861.14453,61355
28-11-16,47399,50799.94922,47250,48841.60156,48418.64453,84655
05-12-16,48401.10156,53448,48401.10156,53033.5,52574.24609,65906
12-12-16,52701,53350,51980.30078,52154.69922,51703.05078,55645
19-12-16,52387,52387,47968.14844,48996.5,48572.20703,48542
26-12-16,48998.80078,49300,47512.30078,48905.64844,48482.13672,39664
02-01-17,49000,52686.5,48799.75,51579.19922,51132.53516,48052
09-01-17,51579.19922,55945,49808.69922,53359.60156,52897.51953,95041
16-01-17,53299,54380.60156,51400,51668.89844,51221.46094,62118
23-01-17,51668,53633,51668,53339.19922,52877.30078,46216
30-01-17,53440,53440,50050.14844,51059.44922,50617.28906,86275
06-02-17,51684.80078,51985,49759.64844,51472.35156,51026.61719,64732
13-02-17,51551.14844,51680.30078,49600,50102.19922,49668.32813,46219
20-02-17,50100,51700,49577,51499.05078,51056.10156,43488
27-02-17,51650,53362.5,50700,52072.85156,51624.95703,64280
06-03-17,52398,52565.85156,51086.69922,52220.30078,51771.14063,45251
13-03-17,52220.30078,57984,52100,55427.85156,54951.11328,160332
20-03-17,56305,59684.35156,55801,59308.80078,58798.67188,128520
27-03-17,59499,61220,57801,60954.44922,60430.17578,107938
03-04-17,60935,61780,60211,61036.14844,60511.16797,60110
10-04-17,61195.69922,62200,60062.39844,60566.55078,60045.61328,55855
17-04-17,60720,63698,60311.39844,63283.69922,62739.39063,79125
24-04-17,63120,70500,63110,67909.20313,67325.10156,152400
01-05-17,67909.20313,69750,66500.04688,68135.95313,67549.90625,84608
08-05-17,68499.89844,68720,65300,65455.14844,64892.16016,70502
15-05-17,65620,69188,64164.85156,65876.64844,65310.03906,89889
22-05-17,66100.5,66799,62000,65401.80078,64839.26563,79186
29-05-17,65699,68993.85156,64561.25,67715.95313,67133.51563,67898
05-06-17,67910,73200,67300,72901.25,72274.21094,106403
12-06-17,72901.25,74147.5,70880.04688,71978.10156,71359,102042
19-06-17,72499.89844,72870,69596,69935.79688,69334.26563,51641
26-06-17,69935.79688,70400,67801.5,68325.89844,67738.22656,46326
03-07-17,68458.5,71500,68201,69809.29688,69208.875,58459
10-07-17,70379.5,70399.95313,68800,69516.25,68918.32813,32976
17-07-17,69662,70769.95313,68700,68878.45313,68286.01563,50267
24-07-17,69000,70663.64844,68501,69119.70313,68525.19531,48153
31-07-17,69120.70313,70999.79688,65293.30078,66361.14844,65841.16406,96039
07-08-17,67100,68500,62382.05078,63922,63421.12891,77500
14-08-17,64400,66395,63300,63684.14844,63185.14063,51334
21-08-17,63798.19922,64770,62432.05078,63049.69922,62555.66406,43539
28-08-17,63350,65499,62400,65293.85156,64782.22266,46509
04-09-17,65290,65368.44922,63671,63816.85156,63316.80469,41495
11-09-17,64010,65650,63535.75,64544.30078,64038.55469,46561
18-09-17,64698,65650,62650,62938.14844,62444.98047,70692
25-09-17,63100,63940,61000,63005.30078,62511.60938,74674
02-10-17,63005.30078,64620,62750,64422.69922,63917.90234,47683
09-10-17,64550,65300,63269.64844,63670.25,63171.35547,30304
16-10-17,63602,64190,63101,63522.5,63024.76172,16602
23-10-17,63250,64999,62409.80078,64771.10156,64263.57422,41029
30-10-17,65000,67343.89844,65000,66483.39844,65962.44531,38828
06-11-17,66500,67810,63614.05078,67359.04688,66831.25,67467
13-11-17,66812.20313,70500,66800,69437.35156,68893.25,68030
20-11-17,69437.35156,70200,68476.04688,69405.45313,68861.63281,35965
27-11-17,69474.45313,70450,65724.25,66169.14844,65653.52344,41317
04-12-17,66400,68337.89844,65705,68226.14844,67694.50781,33084
11-12-17,68500,69000,65323.89844,67703.60156,67176.03906,32600
18-12-17,67400,73089,65810,72817.79688,72250.38281,68281
25-12-17,72817.79688,74500,72101.10156,72357.04688,71793.21094,53405
01-01-18,72572,73200,70851.20313,72905.89844,72337.78906,37442
08-01-18,72900,73570,71814.10156,71970.95313,71410.125,37896
15-01-18,71970.95313,72499.95313,68500,69156,68617.11719,33313
22-01-18,69156,70456,67055.54688,67543.64844,67017.33594,23772
29-01-18,67165,72750,66750,69259.39844,68719.6875,70201
05-02-18,68016.25,70763.54688,64000,70013.79688,69468.21094,60147
12-02-18,70011,72780.60156,70011,71162.54688,70611.03906,30661
19-02-18,71555,72800,69599,72473.39844,71911.72656,26031
26-02-18,72550,74100,71660.89844,72683.64844,72120.35156,31011
05-03-18,72683,73566.60156,69800,70781.64844,70233.08594,32805
12-03-18,70950,72100,70000,70211.64844,69667.49219,21285
19-03-18,70500,70895.60156,68170,69236.89844,68700.3125,20146
26-03-18,69237,73649.95313,68800,72513.25,71951.28125,30984
02-04-18,72700,77270,72542.35156,77137.25,76539.44531,59963
09-04-18,77137,78540,76135.14844,78091.35156,77486.14844,36026
16-04-18,77506,80102,77506,78110.10156,77504.75,33180
23-04-18,78300,80570,76225.04688,80413.25,79790.04688,39795
30-04-18,80416,81425.95313,75595.85156,75721.5,75134.65625,57884
07-05-18,76000,76695.89844,74300,74675.5,74096.77344,51323
14-05-18,74750,75599,73925.10156,74206.20313,73631.10938,24944
21-05-18,74399.95313,74555,72701,73866.39844,73293.95313,20847
28-05-18,74100,77688,74100,74848.89844,74268.80469,24777
04-06-18,75400,76503.04688,73105,75929,75340.54688,21854
11-06-18,76249,76860,74784.04688,75351.14844,74767.1875,15980
18-06-18,75480,76250,73999,75703.39844,75116.69531,25372
25-06-18,76100,76100,72605,74974.45313,74393.40625,31716
02-07-18,75270,76350,74600,75097.14844,74515.14844,16086
09-07-18,75499.89844,78178.35156,75097,77059.75,76462.53125,28856
16-07-18,77060,77683.5,73666,76812.45313,76217.14844,31377
23-07-18,76999,81013.54688,75712,80860.45313,80233.78125,34222
30-07-18,80998,81190.95313,78005,78477.14844,77868.94531,25440
06-08-18,78485,78935.85156,74100,74233.95313,73708.70313,57186
13-08-18,74489.89844,74489.89844,73100,73747.75,73225.96875,42905
20-08-18,73999,75250,73500,74075.89844,73551.76563,34494
27-08-18,74300,74649,73000,74026.75,73502.96875,20500
03-09-18,73777,74169.95313,70001,71251.95313,70747.79688,30342
10-09-18,71501,71550.04688,68201.10156,70244.29688,69747.28906,23618
17-09-18,70200,70200,62500,66744.39844,66272.14063,29640
24-09-18,67000,68200,62300,63598.55078,63148.5625,53798
01-10-18,64100,64100,60501,61022.19922,60590.44141,45893
08-10-18,60711,64959.94922,59601,63978.35156,63525.66406,41868
15-10-18,63625.19922,64579.85156,60900,61967.85156,61529.39844,32280
22-10-18,62749.94922,63421.5,60666,63056.14844,62609.99219,30941
29-10-18,63200,66676.54688,62525,66480.79688,66010.41406,27243
05-11-18,66700,66800,64513.14844,66345.10156,65875.67188,19789
12-11-18,66345,66985.04688,64802.05078,65754.95313,65289.71094,31139
19-11-18,65770,68169.95313,65501,67607.39844,67129.04688,21930
26-11-18,68000,69340,67150.89844,67332.04688,66858.69531,35655
03-12-18,67500,67949,64445.05078,65574.85156,65113.85547,18233
10-12-18,64100.05078,68899,63666,66335.04688,65868.6875,28946
17-12-18,66415,69900,66100.04688,67003.85156,66532.79688,38332
24-12-18,67003.95313,67699,65105.25,67036.95313,66565.66406,28740
31-12-18,67550,67550,66150.70313,66603.14844,66134.91406,26548
07-01-19,67100,67345.89844,65820.45313,66937.25,66466.65625,20074
14-01-19,66600,66996.95313,65600,65739.79688,65277.62891,17572
21-01-19,65739.79688,66298.95313,63700,63920.94922,63471.57422,23031
28-01-19,63875,63875,60540.14844,61275.69922,60844.91406,34938
04-02-19,61944,61944,56300,56451.35156,56054.48438,66679
11-02-19,56450,56900,54725,55136.85156,54749.23828,56282
18-02-19,55248,55499,53858.35156,54960.80078,54577.32031,30849
25-02-19,55468,57400,54400,57129.10156,56730.49609,37529
04-03-19,57129.10156,58790,56830,57026.60156,56628.70703,26512
11-03-19,57040,58253.64844,56801,57609.5,57207.53516,46435
18-03-19,57998,57998,56175.55078,56547.75,56153.20313,18799
25-03-19,56310,58175,55895.14844,57987.14844,57582.55469,31216
01-04-19,58150,61684,58000,60259.19922,59838.75391,46578
08-04-19,60554,60554,57300,58515.75,58107.46875,29073
15-04-19,59000,59044.75,57526.10156,57812.19922,57408.82813,12125
22-04-19,57650,57747.10156,54250,54410.05078,54030.41016,29295
29-04-19,54410.05078,54589.75,51586.30078,53110.89844,52740.32031,48457
06-05-19,53110.89844,54798.94922,52666.30078,53947.35156,53570.95313,42452
13-05-19,53997,54750,52850,54369.69922,53990.35156,23945
20-05-19,54889.69922,57464.80078,54232,57009.30078,56611.53125,37275
27-05-19,57300,57928.05078,54525,55265.10156,54879.5,26838
03-06-19,55403.25,57741.05078,55112,55597.5,55209.58203,31988
10-06-19,55949,56299.89844,54251,54704.75,54323.05469,22652
17-06-19,54950,55300,54114.89844,54922.39844,54539.19531,22342
24-06-19,54600,56900,54498.94922,56609.60156,56214.61328,37059
01-07-19,56840,57147.94922,55750,56003.14844,55612.39453,18740
08-07-19,55712,56528.44922,53980,56074.69922,55683.45703,26170
15-07-19,55810,56745,53175.85156,53502.85156,53129.55859,24487
22-07-19,53782.85156,54981.75,53254.05078,54338.5,53959.36719,20033
29-07-19,54340,54660,52411.14844,53869.55078,53493.6875,30014
05-08-19,53250,57431.60156,52951,57034.44922,56693.67578,35211
12-08-19,57034.44922,58300,56011.10156,56823.60156,56484.08984,21060
19-08-19,57010,58400,56521.05078,57859.5,57513.80469,22163
26-08-19,58450,59499,57188.05078,58590.05078,58239.98047,20529
02-09-19,58590.05078,58980,57495.05078,58754.30078,58403.25391,11407
09-09-19,58802,61109.94922,58333,60119.94922,59760.74609,24070
16-09-19,59799,65850,57550,64642.89844,64256.66406,40612
23-09-19,64900,67467,62150,62674.55078,62300.07422,58657
30-09-19,62959,63949,60515.89844,60938.35156,60574.25391,24374
07-10-19,60989,61887.55078,60283.55078,61722.69922,61353.91406,17845
14-10-19,61723,65711.60156,61641.35156,64019.75,63637.23438,24465
21-10-19,64019.75,64749.89844,63011.85156,63324.35156,62945.99219,23235
28-10-19,63285.60156,66495.60156,63285.60156,64965.80078,64577.64063,30582
04-11-19,65301,65709.95313,62855.69922,64454.44922,64069.34375,31844
11-11-19,64001,64460.25,62400,63950.5,63568.40625,18459
18-11-19,64110.39844,64699,62446.19922,62651.35156,62277.02344,15621
25-11-19,62652,64465.75,62652,63397.05078,63021.26172,22047
02-12-19,63397.05078,63597.5,61253.39844,61533.19922,61168.45703,27920
09-12-19,61366,64100,61252,63926.35156,63547.41797,17600
16-12-19,63600,64999.55078,63457.89844,63765.19922,63387.22656,25087
23-12-19,63600,66599.79688,62796.44922,65639.45313,65250.375,18176
30-12-19,65999,67715.95313,65500,66583.45313,66188.77344,31382
06-01-20,66012.29688,68100,64300,67493.64844,67093.57031,47433
13-01-20,67492,70000,65819.54688,69312.89844,68902.04688,53490
20-01-20,69060,70825.64844,67521.14844,70407.35156,69990.00781,36340
27-01-20,70290,70999.95313,68412.25,68686.60156,68279.44531,33362
03-02-20,68690,73565.70313,68000,70960.45313,70539.82031,41684
10-02-20,71490,73500,69800,71799.20313,71373.59375,60819
17-02-20,71800,72333,69500,70789.5,70369.89844,27751
24-02-20,70888,70888,65315,66393.20313,66002.42188,34285
02-03-20,66891,68558.35156,63858.55078,66348.14844,65957.64844,38404
09-03-20,65800,66300,56030,65929.35156,65541.29688,57766
16-03-20,62000,63899.85156,56950.5,58988.94922,58641.74609,68639
23-03-20,55905,60742.64844,49915.10156,56371.25,56039.46484,85123
30-03-20,54700,59312,53522.89844,55062.25,54738.17188,118647
06-04-20,55062.25,60460.05078,55062.25,60017.89844,59664.65234,51899
13-04-20,59500,62340,56760,61638.30078,61275.51953,68848
20-04-20,62000,62000,57829,58805.39844,58459.28125,54273
27-04-20,59700,61800,58550,60510.64844,60154.49609,40889
04-05-20,59499.94922,59783.05078,57200.10156,58874.89844,58528.375,44896
11-05-20,59025,60200,57318.85156,58135.55078,57793.375,51200
18-05-20,58235,58499.94922,56150,57434.10156,57096.05469,31451
25-05-20,57434.10156,59350.5,57195.14844,59113.10156,58765.17969,25653
01-06-20,59500,64172.30078,59365.60156,63526.19922,63152.29688,62684
08-06-20,63700,65150,59500,63729.05078,63353.95313,55074
15-06-20,64950,65499,62077.5,62949.30078,62578.79297,44403
22-06-20,63200,67000,63200,66457.70313,66066.53906,52590
29-06-20,66400,67725,64830.05078,66140.25,65750.97656,74954
06-07-20,66601,67550,64515,64867.25,64485.45703,63015
13-07-20,65100,65870.85156,62431.35156,65360.55078,64975.85938,56674
20-07-20,65500,65900,62700,62976.5,62605.83984,65086
27-07-20,63580,63580,60602,61048.55078,60689.23828,62231
03-08-20,61000,63260,60802.25,62702.80078,62333.74609,67794
10-08-20,62798,64600,61200,61433.75,61072.16406,110183
17-08-20,62199,62282.14844,59235.64844,59627.14844,59276.19922,138500
24-08-20,60000,60537.5,59067.25,59579.85156,59229.18359,94582
31-08-20,59999,59999,57520.05078,58425.39844,58081.51953,64038
07-09-20,58425.39844,59400,57867,59226.69922,58878.11328,59170
14-09-20,59230.05078,59970,58199.85156,58950.60156,58603.63672,111036
21-09-20,58950.60156,59079.89844,55300,57461.44922,57214.04688,66966
28-09-20,57800,60695,57800,60578.30078,60317.48438,63062
05-10-20,60800,61233.94922,58542.64844,58784.89844,58531.79688,58860
12-10-20,59298,59439.19922,57860.05078,58013.10156,57763.32813,57447
19-10-20,58300.94922,63985,58100,63619.10156,63345.1875,124646
26-10-20,63800,69608.45313,62863.94922,65303.25,65022.08594,268232
02-11-20,65500,69900,64760.05078,68516.85156,68221.85156,176742
09-11-20,69100,72499,67919.14844,71926,71616.32031,191028
16-11-20,71826.20313,79500,71826.20313,79069.39844,78728.96875,255044
23-11-20,81160,81249.39844,74305.25,77738.64844,77407.07031,528670
30-11-20,77738.64844,80102.35156,77738.64844,78698.14844,78362.47656,160440
07-12-20,77887.29688,79995,77300,77878.35156,77546.17969,110968
14-12-20,78400,79180.39844,76800,77571.54688,77240.69531,114152
21-12-20,77638,77793.14844,73777.75,75892.35156,75568.66406,81711
28-12-20,76100,77672.75,74860,76021.64844,75697.39844,90235
04-01-21,76200.64844,81399,75900,80602.10156,80258.3125,137605
11-01-21,80700,89938.10156,80500,87551.75,87178.32813,307196
18-01-21,87800,96479.70313,85111.25,92305.95313,91912.24219,334866
25-01-21,93879.95313,93879.95313,83455.70313,84069.14844,83710.57031,226987
01-02-21,84888,93780,83900.04688,90693.04688,90306.22656,254789
08-02-21,92249.89844,98599.95313,89120,91278.04688,90888.73438,499489
15-02-21,92373.39844,92450,87000,88120.10156,87744.24219,223876
22-02-21,88800,88800,83803.54688,84498.14844,84140.57031,153632
01-03-21,85200,90801,85152.04688,88661.75,88286.54688,163075
08-03-21,88661.75,90300,87202.04688,88775.35156,88399.66406,88362
15-03-21,89200,89490.5,80605.79688,84539.79688,84182.04688,157093
22-03-21,84500,85499,80702.70313,82009.45313,81662.39844,130866
29-03-21,82009.45313,83946,81325.04688,83133.10156,82781.29688,71721
05-04-21,82310,84492.14844,81211.10156,81888.14844,81541.61719,88600
12-04-21,81300,83100,78900,81366,81021.67969,111966
19-04-21,79205,80650.10156,77634.35156,78214.14844,77883.16406,113394
26-04-21,78550,81699,77200,80720.54688,80378.96875,131457
03-05-21,80399.89844,81127.95313,77200,77446.20313,77118.46875,98802
10-05-21,78200,79225.10156,75950,76135.75,75813.5625,75256
17-05-21,76780,82483.64844,76000,82178.20313,81830.42969,110461
24-05-21,82360,83650,81355.60156,83382.10156,83029.24219,66099
31-05-21,83237,85336,82800,84918.70313,84559.33594,52586
07-06-21,85598.89844,87300,80009,82171.5,81823.75781,148916
14-06-21,82000,83357.75,80500,82644.10156,82294.35938,81483
21-06-21,81000,82500,80375,80514.20313,80173.49219,36022
28-06-21,80899,81489.60156,79527.75,81142.29688,80798.90625,47588
05-07-21,81190,81827.75,79880,79994.70313,79656.17188,41400
12-07-21,80300,83450,79880,82449.85156,82100.94531,72724
19-07-21,81800,82964.95313,81000,81174.85156,80831.33594,25416
26-07-21,81349,81599.54688,79201.04688,79907.45313,79569.30469,35109
02-08-21,80499,81600.45313,79000,79159.64844,78824.66406,40913
09-08-21,79489.95313,82664.79688,77300,78872.85156,78587.57031,126176
16-08-21,78951.70313,79500,77805,78076.95313,77794.55469,32846
23-08-21,78699,78699,75950,76953.45313,76675.11719,53996
30-08-21,77000,82600.10156,77000,82397.85156,82099.82813,65404
06-09-21,82700,83200,79800,79867.89844,79579.02344,45975
13-09-21,79800,80995,78851,79397.25,79110.07813,46231
20-09-21,79190,80999,78050,79456.5,79169.10156,56403
27-09-21,79949,82000,78510,78994.39844,78708.6875,85597
04-10-21,79477.20313,86373.45313,78500,85860.45313,85549.89844,101303
11-10-21,85860,87550,84380.20313,85166.45313,84858.42188,64595
18-10-21,85300,86900,80080,80800.39844,80508.14844,106518
25-10-21,81499.95313,81499.95313,76650,77308.14844,77028.53906,56520
01-11-21,77694,79390,77250,78412.5,78128.89844,23456
08-11-21,78880,80489.85156,76900,78174.85156,77892.10938,66696
15-11-21,78400,79665.95313,77299,77464.75,77184.57031,47292
22-11-21,77842,77899,74511,75190.35156,74921.26563,49692
29-11-21,74905,75996,73050,73882.29688,73617.875,64289
06-12-21,73950,75275,72954.79688,74221,73955.38281,31978
13-12-21,74680,75111,72100,72558.04688,72298.375,35648
20-12-21,72000,72199.89844,68700,70090.70313,69839.85938,57286
27-12-21,70089,73699.25,69010,73338,73075.53906,38745
03-01-22,73589.95313,74573.95313,73113.64844,74189.29688,73923.78125,32355
10-01-22,74210,76300,73918,76134.64844,75862.1875,32747
17-01-22,76134.64844,77299.89844,72054.35156,72697.10156,72436.9375,48844
24-01-22,72700,72989.95313,69459.54688,71327.70313,71072.4375,41723
31-01-22,72180,72680,69851.89844,70006.39844,69755.85938,49128
07-02-22,70398.95313,70919.60156,68038.20313,68233.45313,67989.25781,58890
14-02-22,67866,67866,65007.05078,65638.95313,65404.05078,72726
21-02-22,65574.89844,66799.95313,63000,65651.70313,65419.71484,111204
28-02-22,65252,66980,64450,65911.29688,65678.39063,63291
07-03-22,65140,68094.04688,63741.60156,67898.29688,67658.375,62093
14-03-22,68034,69889,67405.04688,68957.79688,68714.11719,37915
21-03-22,69652.64844,69860,65900,66501.10156,66266.11719,43530
28-03-22,66500,66878.35156,64701.44922,66485.20313,66250.27344,44770
04-04-22,66710,68194.14844,66708.64844,67782.85156,67543.33594,41496
11-04-22,67500,68121,66565.29688,67447.29688,67208.96875,26339
18-04-22,67003,70100,65800,69143.85156,68899.52344,56896
25-04-22,68550,73400,68235.35156,72729,72471.99219,64591
02-05-22,72000,73310.64844,69250,69913.60156,69666.55469,30918
09-05-22,69601,73280.60156,66680,72050.89844,71796.29688,90181
16-05-22,71780,74849.95313,71400.10156,74104.95313,73843.09375,50110
23-05-22,74500,75690,73066.29688,74654.85156,74391.05469,39578
30-05-22,74900,78165.64844,74862.14844,76460.35156,76190.16406,57211
06-06-22,76390,76672.85156,69718.5,69952.25,69705.07031,42579
13-06-22,69000,69551,65878.35156,68124.54688,67883.82031,44350
20-06-22,68260.79688,70775,66491.45313,70553,70303.6875,37499
27-06-22,71200,72599.75,70300,72194.29688,71939.1875,36329
04-07-22,71900,76454,71056.45313,76044.95313,75776.24219,38174
11-07-22,76000,79729.64844,75300,79558.10156,79276.98438,44374
18-07-22,79602,80998.95313,79136.29688,79400.60156,79120.03125,44207
25-07-22,79600,83970,79531.79688,83818.14844,83521.97656,50200
01-08-22,84000,89499.89844,83998.35156,88895.45313,88740.76563,70579
08-08-22,88500.04688,88900,82101,83130.85156,82986.19531,57399
15-08-22,83130.85156,88361.85156,83130.85156,86825.89844,86674.8125,73867
22-08-22,86808.95313,86876.95313,83800,85272.25,85123.875,52611
29-08-22,84629.95313,86263.79688,83479,84356.89844,84210.11719,34465
05-09-22,84889,86449.89844,84013,84208.04688,84061.51563,36108
12-09-22,84550,93887,83750,86112.85156,85963.00781,142654
19-09-22,87299.95313,87600,82169.89844,82599.14844,82455.41406,100902
26-09-22,82399.5,82399.5,78689.95313,81654.54688,81512.45313,82826
03-10-22,82100,83856.10156,80100,82769.64844,82625.625,39521
10-10-22,81825,83200,80735.25,81350.14844,81208.59375,43564
17-10-22,81390,88187.89844,80789.04688,86224.79688,86074.75781,72546
24-10-22,87319,89550,85890,89368.29688,89212.78906,55334
31-10-22,89368.29688,92099.95313,89300.04688,91248.14844,91089.35938,57848
07-11-22,91698,96000,85100,86156.39844,86006.48438,150327
14-11-22,86587.20313,88394.85156,85200,88092.70313,87939.41406,58545
21-11-22,88300,90388,87220,89904.60156,89751.23438,42145
28-11-22,90000,95151.20313,89930.04688,94554.20313,94392.89844,70645
05-12-22,94711.95313,95243.64844,90065.14844,91510.70313,91354.58594,54404
12-12-22,91730,91947.29688,88600,89112.75,88960.71875,31392
19-12-22,89113,90230.95313,85774.25,86071,85924.16406,32926
26-12-22,85802.45313,89250,85201.04688,88535.45313,88384.41406,30755
02-01-23,88600,93400,87398,93141.5,92982.60156,67892
09-01-23,93600,94480,88573,89712.95313,89559.90625,59715
16-01-23,90100,91198.89844,89000,89557,89404.21875,35240
23-01-23,89995,90949.39844,86911.35156,88261.10156,88110.53125,24188
30-01-23,88360,93449,88062.75,92853.35156,92694.94531,46641
06-02-23,92785,93241.45313,87351,89070.89844,88918.94531,64587
13-02-23,89408,89971.70313,87500,88739.70313,88588.32031,32470
20-02-23,89000,90445,86001,86800.70313,86652.625,38632
27-02-23,86786,87399.39844,84640,86363.14844,86218.71094,33435
06-03-23,86400,87250,84351,85111.20313,84968.85938,20951
13-03-23,85330,85591.54688,81380.04688,82901.79688,82763.14844,36450
20-03-23,83556,85710,82235.35156,83878.5,83738.22656,22032
27-03-23,83878,84549.89844,81786.5,84047.20313,83906.64063,18874
03-04-23,84047.20313,84746.5,83325.75,84005.54688,83865.05469,9073
10-04-23,83750,85794.20313,83750,85516.95313,85373.9375,14040
17-04-23,85499,87495,85001,86517.39844,86372.71094,18378
24-04-23,86945,89300,86086,89006.79688,88857.94531,22552
01-05-23,89007,98974.64844,88002.04688,98614.04688,98449.11719,126084
08-05-23,98620,99933.5,96575.04688,96689.14844,96527.44531,65921
15-05-23,96705,98400,95150,96236.64844,96075.70313,47526
22-05-23,96356.64844,98171,95225.29688,97881.79688,97718.10156,44700
29-05-23,98050,98650.75,96067.54688,96368.5,96207.32813,33017
05-06-23,96880,99230.5,96227.64844,98390.95313,98226.39844,36048
12-06-23,98335.10156,100849.6016,98152.75,99892.5,99725.4375,52078
19-06-23,100000,100950,98280.10156,99492.04688,99325.65625,34826
26-06-23,99799.95313,101648.2969,99071.79688,101260.5,101091.1484,21181
03-07-23,101073,101974.9531,99000,101227.6484,101058.3516,35340
10-07-23,101177,102494.9531,100400.25,102141.2031,101970.3828,28011
17-07-23,102141.2031,102990,101550,102089.25,101918.5156,16115
24-07-23,102100,103263.5,101750,102534.1484,102531.3594,15375
31-07-23,102270,111997,101400.0469,111296.5,111293.4766,60034
07-08-23,111472,111500,105600.0469,105989.25,105986.3672,42328
14-08-23,105711.0469,108000,104807,107760.3516,107757.4219,20947
21-08-23,108500,109399,107568.1016,108542,108539.0469,22907
28-08-23,108523.7031,109778.6484,107559.0469,107984.1484,107981.2109,21298
04-09-23,108499,109885.6016,107347.5469,108858.3984,108855.4375,22108
11-09-23,109450,112727.9531,107476.7969,109233.8516,109230.8828,40567
18-09-23,109666,109798.75,108060,108655.0469,108652.0938,18554
25-09-23,108999.9531,110500,106800,107295.6016,107292.6875,30915
02-10-23,108149.75,108600.6016,106441.1016,107550.25,107547.3281,15933
09-10-23,107350,109250,106405,109092.75,109089.7813,18327
16-10-23,108990.1016,113439.2969,108320.9531,109504.6016,109501.625,34431
23-10-23,109350,110400,107075.9531,108190.7969,108187.8594,23793
30-10-23,108190.7969,111800,107300,107723.25,107720.3203,47198
06-11-23,108895,109108.9531,107008.0469,108295.7031,108292.7578,26619
13-11-23,108500,112599.8984,107033.0469,111475.25,111472.2188,31192
20-11-23,111339,111999.9531,110617.5469,111448.2031,111448.2031,15261
27-11-23,111448.2031,112989.9531,111110.5,111409.2969,111409.2969,25298
04-12-23,112000,119000,110856.2031,117949.3984,117949.3984,34524
11-12-23,117950,121193.3516,117616.1016,120084.0469,120084.0469,30861
18-12-23,120086,120699.9531,115500.0469,119544.2969,119544.2969,29586
25-12-23,119544.2969,130399.3516,119544.2969,129579.25,129579.25,38162
01-01-24,129570,133500.0469,127257.1016,132701.25,132701.25,40107
08-01-24,133401,134639.9063,130210,134351.0938,134351.0938,30981
15-01-24,134699,150254.1563,133650.0469,139431.9531,139431.9531,78081
22-01-24,139431.9531,147849.7969,136105.25,136857.9531,136857.9531,52939
29-01-24,136857.1563,144750,136333.0469,140941.8438,140941.8438,76025
,,,,,,
